{"cameraMode":{"drawMode":0,"name":"Shaded","section":"Shading Mode"},"sceneLighting":false,"audioPlay":false,"sceneViewState":{"showFog":true,"showMaterialUpdate":true,"showSkybox":false,"showFlares":true,"showImageEffects":true,"showParticleSystems":true,"showVisualEffectGraphs":true,"m_FxEnabled":true},"in2DMode":false,"pivot":{"x":-0.009478986263275147,"y":0.012251079082489014,"z":0.0859743058681488},"rotation":{"x":-0.2922625243663788,"y":-0.5581201910972595,"z":0.21892407536506654,"w":-0.7450885772705078},"size":0.699996829032898,"orthographic":false}