{"cameraMode":{"drawMode":0,"name":"Shaded","section":"Shading Mode"},"sceneLighting":false,"audioPlay":false,"sceneViewState":{"showFog":true,"showMaterialUpdate":true,"showSkybox":false,"showFlares":true,"showImageEffects":true,"showParticleSystems":true,"showVisualEffectGraphs":true,"m_FxEnabled":true},"in2DMode":false,"pivot":{"x":0.1080000028014183,"y":0.4187436103820801,"z":-1.6837726831436158},"rotation":{"x":0.0559329129755497,"y":-0.7933337092399597,"z":-0.07374610751867295,"w":-0.6017114520072937},"size":0.10487091541290283,"orthographic":false}